<?xml version="1.0"?>
<data grt_format="2.0">
  <value _ptr_="0x55ab5bbdf2b0" type="list" content-type="object" content-struct-name="db.mgmt.Connection">
    <value type="object" struct-name="db.mgmt.Connection" id="6533f612-1559-11e7-ad10-0013729216b0" struct-checksum="0x96ba47d8">
      <link type="object" struct-name="db.mgmt.Driver" key="driver">com.mysql.rdbms.mysql.driver.native</link>
      <value type="string" key="hostIdentifier">Mysql@localhost:3306</value>
      <value type="int" key="isDefault">0</value>
      <value _ptr_="0x55ab5c002070" type="dict" key="modules"/>
      <value _ptr_="0x55ab5c0020f0" type="dict" key="parameterValues">
        <value type="string" key=""></value>
        <value type="string" key="SQL_MODE"></value>
        <value type="string" key="hostName">localhost</value>
        <value type="int" key="lastConnected">1490885974</value>
        <value type="string" key="password"></value>
        <value type="int" key="port">3306</value>
        <value type="string" key="schema"></value>
        <value type="string" key="serverVersion">5.7.17</value>
        <value type="string" key="sslCA"></value>
        <value type="string" key="sslCert"></value>
        <value type="string" key="sslCipher"></value>
        <value type="string" key="sslKey"></value>
        <value type="int" key="useSSL">1</value>
        <value type="string" key="userName">root</value>
      </value>
      <value type="string" key="name">Local instance 3306</value>
    </value>
    <value type="object" struct-name="db.mgmt.Connection" id="17888397-1561-11e7-ad10-0013729216b0" struct-checksum="0x96ba47d8">
      <link type="object" struct-name="db.mgmt.Driver" key="driver">com.mysql.rdbms.mysql.driver.native_sshtun</link>
      <value type="string" key="hostIdentifier">Mysql@127.0.0.1:3306@pseudomonas.procc.fiocruz.br:799</value>
      <value type="int" key="isDefault">1</value>
      <value _ptr_="0x55ab5de2c190" type="dict" key="modules"/>
      <value _ptr_="0x55ab5de2c210" type="dict" key="parameterValues">
        <value type="string" key=""></value>
        <value type="string" key="DbSqlEditor:LastDefaultSchema">cursystem</value>
        <value type="string" key="SQL_MODE"></value>
        <value type="string" key="hostName">127.0.0.1</value>
        <value type="int" key="lastConnected">1490890461</value>
        <value type="string" key="password"></value>
        <value type="int" key="port">3306</value>
        <value type="string" key="schema">cursystem</value>
        <value type="string" key="serverVersion">5.6.31-0ubuntu0.15.10.1</value>
        <value type="string" key="sshHost">pseudomonas.procc.fiocruz.br:799</value>
        <value type="string" key="sshKeyFile"></value>
        <value type="string" key="sshPassword"></value>
        <value type="string" key="sshUserName">thiago</value>
        <value type="string" key="sslCA"></value>
        <value type="string" key="sslCert"></value>
        <value type="string" key="sslCipher"></value>
        <value type="string" key="sslKey"></value>
        <value type="int" key="useSSL">1</value>
        <value type="string" key="userName">cursystem</value>
      </value>
      <value type="string" key="name">PseudomonasSSH</value>
    </value>
  </value>
</data>
