<?xml version="1.0"?>
<data grt_format="2.0">
  <value _ptr_="0x55ab5bbe0590" type="list" content-type="object" content-struct-name="db.mgmt.ServerInstance">
    <value type="object" struct-name="db.mgmt.ServerInstance" id="6533f611-1559-11e7-ad10-0013729216b0" struct-checksum="0x367436e2">
      <link type="object" struct-name="db.mgmt.Connection" key="connection">6533f612-1559-11e7-ad10-0013729216b0</link>
      <value _ptr_="0x55ab5c003860" type="dict" key="loginInfo"/>
      <value _ptr_="0x55ab5c0027f0" type="dict" key="serverInfo">
        <value type="int" key="setupPending">0</value>
        <value type="string" key="sys.config.path"></value>
        <value type="string" key="sys.config.section">mysqld</value>
        <value type="string" key="sys.preset">Custom</value>
        <value type="string" key="sys.sudo"></value>
        <value type="string" key="sys.system">Linux</value>
      </value>
      <value type="string" key="name">Local 3306</value>
      <link type="object" struct-name="GrtObject" key="owner">6533f28f-1559-11e7-ad10-0013729216b0</link>
    </value>
    <value type="object" struct-name="db.mgmt.ServerInstance" id="a1aa0a40-1561-11e7-ad10-0013729216b0" struct-checksum="0x367436e2">
      <link type="object" struct-name="db.mgmt.Connection" key="connection">17888397-1561-11e7-ad10-0013729216b0</link>
      <value _ptr_="0x55ab5ddb79a0" type="dict" key="loginInfo"/>
      <value _ptr_="0x55ab5c5e3f80" type="dict" key="serverInfo">
        <value type="int" key="setupPending">0</value>
        <value type="string" key="sys.sudo"></value>
      </value>
      <value type="string" key="name">PseudomonasSSH</value>
      <link type="object" struct-name="GrtObject" key="owner">6533f28f-1559-11e7-ad10-0013729216b0</link>
    </value>
  </value>
</data>
